<?xml version="1.0" encoding="utf-8"?>

<ModMetaData>

    <name>Sized Apparel Size 7-10 Breasts</name>
    <author>Nattly</author>
    <packageId>nat.sar.breasts</packageId>
    <description>Adds size 7-10 breasts textures for SAR.</description>
    <supportedVersions>
        <li>1.5</li>
    </supportedVersions>
    <modDependencies>
        <li>
            <packageId>OTYOTY.SizedApparel</packageId>
            <displayName>Sized Apparel for RJW (SAR version)</displayName>
            <downloadUrl>https://gitgud.io/ll.mirrors/sized-apparel-zero</downloadUrl>
        </li>
    </modDependencies>
    <loadAfter>
        <li>brrainz.harmony</li>
        <li>rim.job.world</li>
        <li>OTYOTY.SizedApparel</li>
        <li>OTYOTY.SizedApparel.extended</li>
    </loadAfter>

</ModMetaData>
